{
  "pf_transport_response_model": {
    "by_isotope": {
      "Co-60": {
        "max_log_scale": 2.0,
        "min_log_scale": -2.0,
        "num_fit_records": 1696,
        "scale": 1.0169260855975575,
        "scale_by_pair": {
          "0": 1.015461160710457,
          "1": 1.0190318200237067,
          "10": 1.0357766704705063,
          "11": 1.0278545218865103,
          "12": 1.0309955897889729,
          "13": 1.0257560391477862,
          "14": 1.0202387569363534,
          "15": 1.0412803928368666,
          "16": 1.0176501714967467,
          "17": 1.022807318073693,
          "18": 1.00987248132534,
          "19": 1.0153208696067515,
          "2": 1.0182514957357798,
          "20": 1.0102099228290655,
          "21": 1.0187616561309452,
          "22": 1.0118358024986294,
          "23": 1.017893806118798,
          "24": 1.016069123577925,
          "25": 1.0254937135567177,
          "26": 1.0171011295267403,
          "27": 1.020254159102891,
          "28": 1.0167033860150405,
          "29": 1.0276552698853134,
          "3": 1.020476456500583,
          "30": 1.0183780459369132,
          "31": 1.0150098482615757,
          "32": 1.0144383326640025,
          "33": 1.0220301047402167,
          "34": 1.0178930412891423,
          "35": 1.015474715061728,
          "36": 1.0223105152252878,
          "37": 1.0132092931397758,
          "38": 1.0146299233299911,
          "39": 1.0165038327826061,
          "4": 1.0119634024360042,
          "40": 1.026047385343091,
          "41": 1.017043072390975,
          "42": 1.0219156222274013,
          "43": 1.0273081228223924,
          "44": 1.0268588656676265,
          "45": 1.0168833624611295,
          "46": 1.021955892767851,
          "47": 1.028207958430022,
          "48": 1.0101020761066595,
          "49": 1.0120310777420756,
          "5": 1.024055536879204,
          "50": 1.013565830135342,
          "51": 1.0177716558215546,
          "52": 1.0129419578856085,
          "53": 1.0211770954587225,
          "54": 1.020896368624644,
          "55": 1.0171422433480117,
          "56": 1.0237380461785166,
          "57": 1.0218259654290909,
          "58": 1.0242256894177917,
          "59": 1.016482014752602,
          "6": 1.0184816843796056,
          "60": 1.0330456595815662,
          "61": 1.032299667556831,
          "62": 1.0116368608103683,
          "63": 1.0152569374233231,
          "7": 1.0264960804197414,
          "8": 1.0331765519363822,
          "9": 1.0209001385592495
        },
        "tau_coefficients": {
          "distance": -0.007543778865785425,
          "distance_shield": 0.020561850775359217,
          "fe": 0.03678435158702602,
          "fe_obstacle": 0.00410216183179331,
          "fe_pb": -0.0016134904818975813,
          "fe_squared": 0.05836180159354349,
          "obstacle": 0.010240700279902183,
          "obstacle_squared": -0.0033867419082695763,
          "pb": -0.01061037845626461,
          "pb_obstacle": -0.0034835523379903154,
          "pb_squared": -0.010295925606498996,
          "shield": 0.026173826985729065,
          "shield_obstacle": 0.0006187312748515058,
          "shield_squared": 0.044837867641762605
        },
        "tau_feature_caps": {
          "distance_shield": 8.0,
          "fe": 3.5,
          "pb": 3.5,
          "shield": 3.5
        }
      },
      "Cs-137": {
        "max_log_scale": 2.0,
        "min_log_scale": -2.0,
        "num_fit_records": 1193,
        "scale": 1.002691791149256,
        "scale_by_pair": {
          "0": 1.002422099637457,
          "1": 1.007077116448647,
          "10": 1.0145400196012797,
          "11": 1.0069752723863516,
          "12": 1.0170583054544509,
          "13": 1.0172988115524009,
          "14": 1.0026507052841895,
          "15": 1.0091110920113404,
          "16": 1.0078123458347197,
          "17": 0.997841566376301,
          "18": 1.0030655980310665,
          "19": 1.0010060188701344,
          "2": 1.0130283560141,
          "20": 1.0008881825948395,
          "21": 0.998693241931049,
          "22": 1.001126492527592,
          "23": 1.003743829058703,
          "24": 1.011927314360289,
          "25": 1.0097142464471403,
          "26": 1.0054128562408773,
          "27": 1.0075178695978968,
          "28": 1.0063422843443885,
          "29": 1.0131417816782278,
          "3": 1.0020964022076013,
          "30": 1.016717134626408,
          "31": 1.0078275110461576,
          "32": 0.9995371402361781,
          "33": 0.9993382514812171,
          "34": 1.002977321800409,
          "35": 1.0088981345506494,
          "36": 0.9918289013070091,
          "37": 1.0032042999649062,
          "38": 0.9998734161989161,
          "39": 1.0109006457034897,
          "4": 1.003305634800552,
          "40": 1.0078188359911922,
          "41": 1.012555441006376,
          "42": 1.001366253017929,
          "43": 1.0049080736014013,
          "44": 1.002954341308711,
          "45": 1.0027154980466746,
          "48": 1.004332703096331,
          "49": 1.007908851964392,
          "5": 1.0027589368249872,
          "50": 0.9943623054200061,
          "51": 1.0077951083520955,
          "52": 1.0040092001566758,
          "53": 0.9965873303233115,
          "54": 0.9985898698432423,
          "55": 1.0063389017719728,
          "56": 1.0047956677195342,
          "57": 1.0064222711046844,
          "58": 1.0054369563977485,
          "59": 1.0065397358657955,
          "6": 1.0098045017560695,
          "60": 1.0108689449088308,
          "62": 1.009107717990249,
          "63": 0.9958443793527169,
          "7": 1.0030098026921805,
          "8": 1.0188228348974457,
          "9": 1.0178460390686312
        },
        "tau_coefficients": {
          "distance": -0.008431665554905928,
          "distance_shield": 0.03600062305144774,
          "fe": 0.01931205843830374,
          "fe_obstacle": 0.0006608169625180911,
          "fe_pb": 0.0024306906292061474,
          "fe_squared": 0.038398485978050304,
          "obstacle": 0.001408829776536665,
          "obstacle_squared": 0.014695513338348558,
          "pb": -0.0010041140838418312,
          "pb_obstacle": 0.00038732217279721025,
          "pb_squared": -0.0017633597819894326,
          "shield": 0.018038653581865606,
          "shield_obstacle": 0.0010409044705629986,
          "shield_squared": 0.039441976259723406
        },
        "tau_feature_caps": {
          "distance_shield": 8.0,
          "fe": 3.5,
          "pb": 3.5,
          "shield": 3.5
        }
      },
      "Eu-154": {
        "max_log_scale": 2.0,
        "min_log_scale": -2.0,
        "num_fit_records": 1610,
        "scale": 1.0172767822123818,
        "scale_by_pair": {
          "0": 1.0211702084510517,
          "1": 1.0275352084849827,
          "10": 1.010922624967743,
          "11": 1.0174763430487503,
          "12": 1.018540177418555,
          "13": 1.0121305222875852,
          "14": 1.0204338117912817,
          "15": 1.0216241707599352,
          "16": 1.0260440298423763,
          "17": 1.0075090306116286,
          "18": 1.004483337500858,
          "19": 1.0131390595909158,
          "2": 1.0185330098488745,
          "20": 1.0114280474288624,
          "21": 1.0170329066615507,
          "22": 1.0167820263392928,
          "23": 1.0106982716428312,
          "24": 1.0192064952314226,
          "25": 1.0185285889466054,
          "26": 1.0128695245786479,
          "27": 1.032324467928313,
          "28": 1.0100112967508423,
          "29": 1.0279524109754201,
          "3": 1.0194512647471328,
          "30": 1.0257337808695457,
          "31": 1.0194133801724905,
          "32": 1.0236277134310425,
          "33": 1.014456167872758,
          "34": 1.0207619346360188,
          "35": 1.020803541758792,
          "36": 1.0194789020852735,
          "37": 1.021473105806774,
          "38": 1.0285939713466234,
          "39": 1.0166498659361254,
          "4": 1.0096903385098426,
          "40": 1.021392806511443,