{
  "metadata": {
    "feature_update": "adds source-local distance_fe, distance_pb, distance_obstacle terms",
    "min_pair_fit_points": 16,
    "min_target": 10000.0,
    "pair_shrinkage_count": 16.0,
    "ridge": 0.001,
    "source": "combined_random64_uniform_v3_distance_material_20260609",
    "training_runs": [
      "results/spectrum_validation/count_model_dominanceguard_transport_20260608_001510",
      "results/spectrum_validation/response_truth_generalization_newseed_20260608_211129",
      "results/spectrum_validation/geant4_fresh_random64_20260609_014407",
      "results/spectrum_validation/geant4_fresh_random64_validation_20260609_020756"
    ],
    "weight_policy": "uniform_relative_log_residual"
  },
  "pf_transport_response_model": {
    "by_isotope": {
      "Co-60": {
        "max_log_scale": 2.0,
        "min_log_scale": -2.0,
        "num_fit_records": 2192,
        "scale": 1.0047969997411297,
        "scale_by_pair": {
          "0": 1.0014735126772851,
          "1": 1.0001594850726654,
          "10": 1.0159873945139828,
          "11": 1.01170990153656,
          "12": 1.0035438616476116,
          "13": 1.0011432204258892,
          "14": 1.0028567543320481,
          "15": 1.0220399078344289,
          "16": 1.0011963553530552,
          "17": 1.009651527984621,
          "18": 0.9969619547811768,
          "19": 1.0048148970207091,
          "2": 1.0035948295606487,
          "20": 0.9993344218372523,
          "21": 0.9966006937476313,
          "22": 0.9964001613035729,
          "23": 1.0078023732334478,
          "24": 1.0040536224206575,
          "25": 1.003938325035117,
          "26": 1.0073044849151715,
          "27": 1.009889773001467,
          "28": 0.9985595889251195,
          "29": 1.0086193908136425,
          "3": 1.003359809289807,
          "30": 1.0015691822635615,
          "31": 0.9981743436218271,
          "32": 1.0057887343731868,
          "33": 1.0009175108497683,
          "34": 1.0042536480960604,
          "35": 1.0043996491660863,
          "36": 1.0074783138038388,
          "37": 1.0010318019079145,
          "38": 1.0033379873204562,
          "39": 1.0041647892243681,
          "4": 0.996525785653764,
          "40": 1.004347388956483,
          "41": 0.9997326809437603,
          "42": 1.0080135222616349,
          "43": 1.0102339808069756,
          "44": 1.0074265865858802,
          "45": 1.0014700439845883,
          "46": 1.0028606625921657,
          "47": 1.0070925311292727,
          "48": 0.9928067738397964,
          "49": 1.0033155760232553,
          "5": 1.007385439175196,
          "50": 1.0041949799289203,
          "51": 1.0045448997995763,
          "52": 1.000527628360457,
          "53": 1.0071228906176073,
          "54": 1.0063839973101856,
          "55": 1.0032060889688992,
          "56": 1.0096431512479624,
          "57": 1.00790809772815,
          "58": 1.0103223133677777,
          "59": 1.0030440421271591,
          "6": 1.007926969772684,
          "60": 1.014355940600455,
          "61": 1.0101678148924307,
          "62": 0.9944724950250232,
          "63": 1.0063043640264542,
          "7": 1.015752679637683,
          "8": 1.016545964327518,
          "9": 1.0043875116851984
        },
        "tau_coefficients": {
          "distance": -0.006263063336187916,
          "distance_fe": -0.000534209407011599,
          "distance_obstacle": 0.0013506701695022594,
          "distance_pb": -0.0014141874997687625,
          "distance_shield": -0.0010537850144439914,
          "fe": 0.14966973210806325,
          "fe_obstacle": 0.01671835055876475,
          "fe_pb": 0.13826091191741893,
          "fe_squared": 0.2684852681681573,
          "obstacle": 0.01936597748422328,
          "obstacle_squared": -0.007332953837658526,
          "pb": -0.08728759164223034,
          "pb_obstacle": -0.021118971194890538,
          "pb_squared": 0.4073696465720836,
          "shield": -0.07968097730791067,
          "shield_obstacle": -0.024792157363318728,
          "shield_squared": -0.06691543191249685
        },
        "tau_feature_caps": {
          "distance_fe": 8.0,
          "distance_obstacle": 8.0,
          "distance_pb": 8.0,
          "distance_shield": 8.0,
          "fe": 3.5,
          "pb": 3.5,
          "shield": 3.5
        }
      },
      "Cs-137": {
        "max_log_scale": 2.0,
        "min_log_scale": -2.0,
        "num_fit_records": 1586,
        "scale": 1.0063040573094015,
        "scale_by_pair": {
          "0": 1.0047612719222605,
          "1": 1.0102899476770821,
          "10": 1.008478273954471,
          "11": 0.9980768339584939,
          "12": 1.007864166035948,
          "13": 1.0059591754782815,
          "14": 1.0009521936097305,
          "15": 1.0054222791841265,
          "16": 1.0089510107819637,
          "17": 0.9994745555347743,
          "18": 1.0053180577381386,
          "19": 1.002313608529262,
          "2": 1.0155182258378295,
          "20": 1.000381339917556,
          "21": 0.994528137637716,
          "22": 1.00419949163946,
          "23": 1.0123350971470122,
          "24": 1.0123282904577378,
          "25": 1.0051698116800558,
          "26": 1.0049049017399823,
          "27": 1.0152361818989821,
          "28": 1.009664106911326,
          "29": 1.0093492359585348,
          "3": 1.0053297461517572,
          "30": 1.017458340602586,
          "31": 1.011270028597698,
          "32": 1.0032210184346089,
          "33": 1.003440641949223,
          "34": 1.0054442986834258,
          "35": 1.0093268162696454,
          "36": 0.996141706233024,
          "37": 0.9995464788858033,
          "38": 1.0009248636963128,
          "39": 1.0166774938570016,
          "4": 1.0090213356520716,
          "40": 1.0063113470998264,
          "41": 1.0121210715319295,
          "42": 1.0012506295246204,
          "43": 1.0103694585816727,
          "44": 1.0027964635068078,
          "45": 1.001445736747109,
          "46": 1.0101650904848098,
          "47": 1.007900219076385,
          "48": 1.0068900476254483,
          "49": 1.0095884416333907,
          "5": 1.0029281109065247,
          "50": 0.9917310579205391,
          "51": 1.0077923763683276,
          "52": 1.007703734096378,
          "53": 0.9984451844698656,
          "54": 1.0023483092933632,
          "55": 1.0076621731956308,
          "56": 1.0077073022720404,
          "57": 1.0082357801864257,
          "58": 0.9998791456449336,
          "59": 1.006993682495239,
          "6": 1.0125722621155233,
          "60": 1.010448778029192,
          "61": 1.0070016129392267,
          "62": 1.0108751861619512,
          "63": 0.9959461898534976,
          "7": 1.0093018045450333,
          "8": 1.0119683194073397,
          "9": 1.0162204660237055
        },
        "tau_coefficients": {
          "distance": -0.00861242069627821,
          "distance_fe": 0.0024899299571065382,
          "distance_obstacle": -0.027374501070445298,
          "distance_pb": -0.007913797076193324,
          "distance_shield": 0.005335202296899623,
          "fe": 0.010323522890129092,
          "fe_obstacle": 0.004981439628993373,
          "fe_pb": -0.1850227323008905,
          "fe_squared": -0.13828881589785155,
          "obstacle": -0.05994984387852985,
          "obstacle_squared": 0.023693044057440726,
          "pb": 0.047497423439831585,
          "pb_obstacle": 0.11109141831806511,
          "pb_squared": -0.23244190879666607,
          "shield": 0.2077473642880764,
          "shield_obstacle": -0.08475120131620931,
          "shield_squared": 0.19074626112091664
        },
        "tau_feature_caps": {
          "distance_fe": 8.0,
          "distance_obstacle": 8.0,
          "distance_pb": 8.0,
          "distance_shield": 8.0,
          "fe": 3.5,
          "pb": 3.5,
          "shield": 3.5
        }
      },
      "Eu-154": {
        "max_log_scale": 2.0,
        "min_log_scale": -2.0,
        "num_fit_records": 2138,
        "scale": 1.0067298960840438,