{
  "accuracy_summary": {
    "peak_window": {
      "max_abs_relative_error": 0.8826893985557352,
      "max_abs_relative_error_vs_transport_truth": 0.6884166278060256,
      "max_absent_isotope_counts": 86885.35561995448,
      "max_absent_truth_isotope_counts": 86885.35561995448,
      "mean_abs_relative_error": 0.639837700127102,
      "mean_abs_relative_error_vs_transport_truth": 0.6114095539776649,
      "mean_absent_isotope_counts": 22788.51736316065,
      "mean_absent_truth_isotope_counts": 22788.51736316065,
      "median_abs_relative_error": 0.6774808566931604,
      "median_abs_relative_error_vs_transport_truth": 0.6777258170424714,
      "num_absent_isotope_points": 7.0,
      "num_absent_truth_isotope_points": 7.0,
      "num_accuracy_points": 11.0,
      "num_accuracy_points_vs_transport_truth": 11.0
    },
    "pf_theory_target_vs_transport_truth": {
      "max_abs_relative_error": 1.663701235783173,
      "mean_abs_relative_error": 0.39296748394133124,
      "median_abs_relative_error": 0.03902449921865195,
      "num_accuracy_points": 11.0
    },
    "photopeak_nnls": {
      "max_abs_relative_error": 4.12511924288891,
      "max_abs_relative_error_vs_transport_truth": 0.08337226942657681,
      "max_absent_isotope_counts": 0.5045434521228049,
      "max_absent_truth_isotope_counts": 0.5045434521228049,
      "mean_abs_relative_error": 0.8605075833207672,
      "mean_abs_relative_error_vs_transport_truth": 0.021332652364338775,
      "mean_absent_isotope_counts": 0.11858382954204402,
      "mean_absent_truth_isotope_counts": 0.11858382954204402,
      "median_abs_relative_error": 0.058045522796401024,
      "median_abs_relative_error_vs_transport_truth": 0.007384679909623491,
      "num_absent_isotope_points": 7.0,
      "num_absent_truth_isotope_points": 7.0,
      "num_accuracy_points": 11.0,
      "num_accuracy_points_vs_transport_truth": 11.0
    },
    "response_matrix": {
      "max_abs_relative_error": 4.1219878633953515,
      "max_abs_relative_error_vs_transport_truth": 0.023920461069722614,
      "max_absent_isotope_counts": 13442.24501769222,
      "max_absent_truth_isotope_counts": 13442.24501769222,
      "mean_abs_relative_error": 0.8102580899952123,
      "mean_abs_relative_error_vs_transport_truth": 0.008829660757974152,
      "mean_absent_isotope_counts": 2584.4956051336676,
      "mean_absent_truth_isotope_counts": 2584.4956051336676,
      "median_abs_relative_error": 0.04529751731261704,
      "median_abs_relative_error_vs_transport_truth": 0.00506865831234235,
      "num_absent_isotope_points": 7.0,
      "num_absent_truth_isotope_points": 7.0,
      "num_accuracy_points": 11.0,
      "num_accuracy_points_vs_transport_truth": 11.0
    },
    "response_poisson": {
      "max_abs_relative_error": 4.122948382233662,
      "max_abs_relative_error_vs_transport_truth": 0.08306474078244866,
      "max_absent_isotope_counts": 0.5045434521228049,
      "max_absent_truth_isotope_counts": 0.5045434521228049,
      "mean_abs_relative_error": 0.8591729792178171,
      "mean_abs_relative_error_vs_transport_truth": 0.019814286624842622,
      "mean_absent_isotope_counts": 0.11858382954204402,
      "mean_absent_truth_isotope_counts": 0.11858382954204402,
      "median_abs_relative_error": 0.05290929725892539,
      "median_abs_relative_error_vs_transport_truth": 0.007724645474119248,
      "num_absent_isotope_points": 7.0,
      "num_absent_truth_isotope_points": 7.0,
      "num_accuracy_points": 11.0,
      "num_accuracy_points_vs_transport_truth": 11.0
    }
  },
  "cases": [
    {
      "description": "1 source(s), 1 isotope(s), obstacle_cells=0",
      "detector_pose_xyz": [
        1.5,
        1.5,
        0.5
      ],
      "dwell_time_s": 30.0,
      "fe_index": 0,
      "include_in_accuracy_summary": true,
      "name": "g4_case_00",
      "obstacle_cells": [],
      "pb_index": 1,
      "sources": [
        {
          "intensity_cps_1m": 79901.73054081277,
          "isotope": "Cs-137",
          "position_xyz": [
            2.3881511651551426,
            1.655089439547581,
            0.5
          ]
        }
      ]
    },
    {
      "description": "2 source(s), 2 isotope(s), obstacle_cells=0",
      "detector_pose_xyz": [
        2.5,
        4.5,
        0.5
      ],
      "dwell_time_s": 30.0,
      "fe_index": 3,
      "include_in_accuracy_summary": true,
      "name": "g4_case_01",
      "obstacle_cells": [],
      "pb_index": 6,
      "sources": [
        {
          "intensity_cps_1m": 67649.1334012014,
          "isotope": "Co-60",
          "position_xyz": [
            2.4848324562518287,
            3.074074258462263,
            0.5111357924617864
          ]
        },
        {
          "intensity_cps_1m": 52893.33779626544,
          "isotope": "Eu-154",
          "position_xyz": [
            4.353932878619363,
            6.37809934851809,
            1.980154091165374
          ]
        }
      ]
    },
    {
      "description": "3 source(s), 3 isotope(s), obstacle_cells=2",
      "detector_pose_xyz": [
        5.0,
        10.0,
        0.5
      ],
      "dwell_time_s": 30.0,
      "fe_index": 6,
      "include_in_accuracy_summary": true,
      "name": "g4_case_02",
      "obstacle_cells": [
        [
          5,
          8
        ],
        [
          5,
          9
        ]
      ],
      "pb_index": 3,
      "sources": [
        {
          "intensity_cps_1m": 42039.36855770769,
          "isotope": "Eu-154",
          "position_xyz": [
            6.316109761374102,
            8.51407050602051,
            0.5
          ]
        },
        {
          "intensity_cps_1m": 62238.99072680711,
          "isotope": "Cs-137",
          "position_xyz": [
            2.533327080956084,
            7.699247418855626,
            2.0
          ]
        },
        {
          "intensity_cps_1m": 39223.04204212531,
          "isotope": "Co-60",
          "position_xyz": [
            9.25,
            14.672107107144509,
            0.6813193960051891
          ]
        }
      ]
    },
    {
      "description": "4 source(s), 3 isotope(s), obstacle_cells=5",
      "detector_pose_xyz": [
        7.5,
        15.5,
        0.5
      ],
      "dwell_time_s": 30.0,
      "fe_index": 1,
      "include_in_accuracy_summary": true,
      "name": "g4_case_03",
      "obstacle_cells": [
        [
          3,
          15
        ],
        [
          4,
          15
        ],
        [
          5,
          15
        ],
        [
          6,
          15
        ],
        [
          6,
          16
        ]
      ],
      "pb_index": 0,
      "sources": [
        {
          "intensity_cps_1m": 70760.56257034186,
          "isotope": "Cs-137",
          "position_xyz": [
            5.672717977859268,
            17.394416236907993,
            1.9766436211528475
          ]
        },
        {
          "intensity_cps_1m": 58382.84218037852,
          "isotope": "Co-60",
          "position_xyz": [
            2.5057115658999445,
            15.616991558076888,
            0.5224316017143742
          ]
        },
        {
          "intensity_cps_1m": 75729.38764117588,
          "isotope": "Eu-154",
          "position_xyz": [
            6.734529890437969,
            14.819188825865957,
            0.5
          ]
        },
        {
          "intensity_cps_1m": 77521.31494515455,
          "isotope": "Cs-137",
          "position_xyz": [
            9.25,
            15.627345167096701,
            0.5
          ]
        }
      ]
    },
    {
      "description": "5 source(s), 3 isotope(s), obstacle_cells=0",
      "detector_pose_xyz": [
        8.5,
        5.5,
        0.5
      ],
      "dwell_time_s": 30.0,
      "fe_index": 4,
      "include_in_accuracy_summary": true,
      "name": "g4_case_04",
      "obstacle_cells": [],
      "pb_index": 5,
      "sources": [
        {
          "intensity_cps_1m": 50648.50775672178,
          "isotope": "Cs-137",