{
  "accuracy_summary": {
    "peak_window": {
      "max_abs_relative_error": 0.7672351009634617,
      "max_abs_relative_error_vs_transport_truth": 0.6996695069835854,
      "max_absent_isotope_counts": 218520.73821329954,
      "max_absent_truth_isotope_counts": 218520.73821329954,
      "mean_abs_relative_error": 0.6433460522885963,
      "mean_abs_relative_error_vs_transport_truth": 0.6432392446349643,
      "mean_absent_isotope_counts": 18321.253527143635,
      "mean_absent_truth_isotope_counts": 18321.253527143635,
      "median_abs_relative_error": 0.6806088061386609,
      "median_abs_relative_error_vs_transport_truth": 0.6763320736870182,
      "num_absent_isotope_points": 17.0,
      "num_absent_truth_isotope_points": 17.0,
      "num_accuracy_points": 19.0,
      "num_accuracy_points_vs_transport_truth": 19.0
    },
    "pf_theory_target_vs_transport_truth": {
      "max_abs_relative_error": 0.46456038862193716,
      "mean_abs_relative_error": 0.08003043968012163,
      "median_abs_relative_error": 0.01978324993813545,
      "num_accuracy_points": 19.0
    },
    "photopeak_nnls": {
      "max_abs_relative_error": 0.28043478254586063,
      "max_abs_relative_error_vs_transport_truth": 0.33263919663274877,
      "max_absent_isotope_counts": 5.603305344006138,
      "max_absent_truth_isotope_counts": 5.603305344006138,
      "mean_abs_relative_error": 0.0731630318395286,
      "mean_abs_relative_error_vs_transport_truth": 0.03127737240503502,
      "mean_absent_isotope_counts": 0.8313236847457042,
      "mean_absent_truth_isotope_counts": 0.8313236847457042,
      "median_abs_relative_error": 0.040111627020729027,
      "median_abs_relative_error_vs_transport_truth": 0.006065993479756867,
      "num_absent_isotope_points": 17.0,
      "num_absent_truth_isotope_points": 17.0,
      "num_accuracy_points": 19.0,
      "num_accuracy_points_vs_transport_truth": 19.0
    },
    "response_matrix": {
      "max_abs_relative_error": 0.7889775153905626,
      "max_abs_relative_error_vs_transport_truth": 0.1828322814532215,
      "max_absent_isotope_counts": 3633.4489071792527,
      "max_absent_truth_isotope_counts": 3633.4489071792527,
      "mean_abs_relative_error": 0.08427846865166093,
      "mean_abs_relative_error_vs_transport_truth": 0.01925142154483721,
      "mean_absent_isotope_counts": 466.0227707274803,
      "mean_absent_truth_isotope_counts": 466.0227707274803,
      "median_abs_relative_error": 0.026148081590435485,
      "median_abs_relative_error_vs_transport_truth": 0.006295087938416494,
      "num_absent_isotope_points": 17.0,
      "num_absent_truth_isotope_points": 17.0,
      "num_accuracy_points": 19.0,
      "num_accuracy_points_vs_transport_truth": 19.0
    },
    "response_poisson": {
      "max_abs_relative_error": 0.273843222779863,
      "max_abs_relative_error_vs_transport_truth": 0.33201694257449516,
      "max_absent_isotope_counts": 5.603305344006138,
      "max_absent_truth_isotope_counts": 5.603305344006138,
      "mean_abs_relative_error": 0.07127392653162883,
      "mean_abs_relative_error_vs_transport_truth": 0.029290253102682656,
      "mean_absent_isotope_counts": 0.8313236847457042,
      "mean_absent_truth_isotope_counts": 0.8313236847457042,
      "median_abs_relative_error": 0.04202474022180447,
      "median_abs_relative_error_vs_transport_truth": 0.0054835191254248945,
      "num_absent_isotope_points": 17.0,
      "num_absent_truth_isotope_points": 17.0,
      "num_accuracy_points": 19.0,
      "num_accuracy_points_vs_transport_truth": 19.0
    }
  },
  "cases": [
    {
      "description": "1 source(s), 1 isotope(s), obstacle_cells=0",
      "detector_pose_xyz": [
        1.5,
        1.5,
        0.5
      ],
      "dwell_time_s": 30.0,
      "fe_index": 0,
      "include_in_accuracy_summary": true,
      "name": "g4_case_00",
      "obstacle_cells": [],
      "pb_index": 1,
      "sources": [
        {
          "intensity_cps_1m": 79901.73054081277,
          "isotope": "Cs-137",
          "position_xyz": [
            2.3881511651551426,
            1.655089439547581,
            0.5
          ]
        }
      ]
    },
    {
      "description": "2 source(s), 2 isotope(s), obstacle_cells=0",
      "detector_pose_xyz": [
        2.5,
        4.5,
        0.5
      ],
      "dwell_time_s": 30.0,
      "fe_index": 3,
      "include_in_accuracy_summary": true,
      "name": "g4_case_01",
      "obstacle_cells": [],
      "pb_index": 6,
      "sources": [
        {
          "intensity_cps_1m": 67649.1334012014,
          "isotope": "Co-60",
          "position_xyz": [
            2.4848324562518287,
            3.074074258462263,
            0.5111357924617864
          ]
        },
        {
          "intensity_cps_1m": 52893.33779626544,
          "isotope": "Eu-154",
          "position_xyz": [
            4.353932878619363,
            6.37809934851809,
            1.980154091165374
          ]
        }
      ]
    },
    {
      "description": "3 source(s), 3 isotope(s), obstacle_cells=2",
      "detector_pose_xyz": [
        5.0,
        10.0,
        0.5
      ],
      "dwell_time_s": 30.0,
      "fe_index": 6,
      "include_in_accuracy_summary": true,
      "name": "g4_case_02",
      "obstacle_cells": [
        [
          5,
          8
        ],
        [
          5,
          9
        ]
      ],
      "pb_index": 3,
      "sources": [
        {
          "intensity_cps_1m": 42039.36855770769,
          "isotope": "Eu-154",
          "position_xyz": [
            6.316109761374102,
            8.51407050602051,
            0.5
          ]
        },
        {
          "intensity_cps_1m": 62238.99072680711,
          "isotope": "Cs-137",
          "position_xyz": [
            2.533327080956084,
            7.699247418855626,
            2.0
          ]
        },
        {
          "intensity_cps_1m": 39223.04204212531,
          "isotope": "Co-60",
          "position_xyz": [
            9.25,
            14.672107107144509,
            0.6813193960051891
          ]
        }
      ]
    },
    {
      "description": "4 source(s), 3 isotope(s), obstacle_cells=5",
      "detector_pose_xyz": [
        7.5,
        15.5,
        0.5
      ],
      "dwell_time_s": 30.0,
      "fe_index": 1,
      "include_in_accuracy_summary": true,
      "name": "g4_case_03",
      "obstacle_cells": [
        [
          3,
          15
        ],
        [
          4,
          15
        ],
        [
          5,
          15
        ],
        [
          6,
          15
        ],
        [
          6,
          16
        ]
      ],
      "pb_index": 0,
      "sources": [
        {
          "intensity_cps_1m": 70760.56257034186,
          "isotope": "Cs-137",
          "position_xyz": [
            5.672717977859268,
            17.394416236907993,
            1.9766436211528475
          ]
        },
        {
          "intensity_cps_1m": 58382.84218037852,
          "isotope": "Co-60",
          "position_xyz": [
            2.5057115658999445,
            15.616991558076888,
            0.5224316017143742
          ]
        },
        {
          "intensity_cps_1m": 75729.38764117588,
          "isotope": "Eu-154",
          "position_xyz": [
            6.734529890437969,
            14.819188825865957,
            0.5
          ]
        },
        {
          "intensity_cps_1m": 77521.31494515455,
          "isotope": "Cs-137",
          "position_xyz": [
            9.25,
            15.627345167096701,
            0.5
          ]
        }
      ]
    },
    {
      "description": "5 source(s), 3 isotope(s), obstacle_cells=0",
      "detector_pose_xyz": [
        8.5,
        5.5,
        0.5
      ],
      "dwell_time_s": 30.0,
      "fe_index": 4,
      "include_in_accuracy_summary": true,
      "name": "g4_case_04",
      "obstacle_cells": [],
      "pb_index": 5,
      "sources": [
        {
          "intensity_cps_1m": 50648.50775672178,
          "isotope": "Cs-137",