{
  "backend": "geant4",
  "environment_mode": "random",
  "estimated_sources": {
    "Co-60": [
      {
        "pos": [
          6.449411717413918,
          0.8971434594189565,
          2.3641367132745796
        ],
        "strength": 16321.212159528253
      }
    ],
    "Cs-137": [
      {
        "pos": [
          0.28044867570013543,
          6.847098353418469,
          5.82314401257293
        ],
        "strength": 23196.114638806117
      }
    ],
    "Eu-154": [
      {
        "pos": [
          6.390584393808336,
          2.318060561774116,
          2.5213146461608447
        ],
        "strength": 34081.634737315246
      }
    ]
  },
  "ground_truth_sources": {
    "Co-60": [
      {
        "pos": [
          5.714368664718409,
          0.0,
          2.878666420642364
        ],
        "strength": 30000.0
      }
    ],
    "Cs-137": [
      {
        "pos": [
          1.0069899418470807,
          8.871814562231675,
          10.0
        ],
        "strength": 30000.0
      },
      {
        "pos": [
          10.0,
          4.561163700529455,
          0.7994685024052994
        ],
        "strength": 30000.0
      }
    ],
    "Eu-154": [
      {
        "pos": [
          7.1037101783884005,
          2.426314113912133,
          2.0
        ],
        "strength": 30000.0
      }
    ]
  },
  "last_counts": {
    "Co-60": 7.848345206546231,
    "Cs-137": 2283.2310402717876,
    "Eu-154": 1.0785719370707846e-10
  },
  "match_metrics": {
    "isotopes": {
      "Co-60": {
        "counts": {
          "assigned": 1,
          "est": 1,
          "fn": 0,
          "fp": 0,
          "gt": 1,
          "matched": 1
        },
        "intensity_abs_error": {
          "max": 13678.787840471747,
          "mean": 13678.787840471747,
          "median": 13678.787840471747
        },
        "intensity_rel_error_pct": {
          "max": 45.59595946823916,
          "mean": 45.59595946823916,
          "median": 45.59595946823916
        },
        "matches": [
          {
            "abs_err": 13678.787840471747,
            "distance": 1.2688165729758278,
            "est_index": 0,
            "gt_index": 0,
            "q_hat": 16321.212159528253,
            "q_true": 30000.0,
            "rel_err_pct": 45.59595946823916,
            "within_radius": false
          }
        ],
        "position_error": {
          "max": 1.2688165729758278,
          "mean": 1.2688165729758278,
          "median": 1.2688165729758278,
          "rmse": 1.2688165729758278,
          "target_m": 0.5,
          "within_target": false
        }
      },
      "Cs-137": {
        "counts": {
          "assigned": 1,
          "est": 1,
          "fn": 1,
          "fp": 0,
          "gt": 2,
          "matched": 1
        },
        "intensity_abs_error": {
          "max": 6803.885361193883,
          "mean": 6803.885361193883,
          "median": 6803.885361193883
        },
        "intensity_rel_error_pct": {
          "max": 22.679617870646275,
          "mean": 22.679617870646275,
          "median": 22.679617870646275
        },
        "matches": [
          {
            "abs_err": 6803.885361193883,
            "distance": 4.698240508674571,
            "est_index": 0,
            "gt_index": 0,
            "q_hat": 23196.114638806117,
            "q_true": 30000.0,
            "rel_err_pct": 22.679617870646275,
            "within_radius": false
          }
        ],
        "position_error": {
          "max": 4.698240508674571,
          "mean": 4.698240508674571,
          "median": 4.698240508674571,
          "rmse": 4.698240508674571,
          "target_m": 0.5,
          "within_target": false
        }
      },
      "Eu-154": {
        "counts": {
          "assigned": 1,
          "est": 1,
          "fn": 0,
          "fp": 0,
          "gt": 1,
          "matched": 1
        },
        "intensity_abs_error": {
          "max": 4081.6347373152457,
          "mean": 4081.6347373152457,
          "median": 4081.6347373152457
        },
        "intensity_rel_error_pct": {
          "max": 13.605449124384153,
          "mean": 13.605449124384153,
          "median": 13.605449124384153
        },
        "matches": [
          {
            "abs_err": 4081.6347373152457,
            "distance": 0.8899641433705281,
            "est_index": 0,
            "gt_index": 0,
            "q_hat": 34081.634737315246,
            "q_true": 30000.0,
            "rel_err_pct": 13.605449124384153,
            "within_radius": false
          }
        ],
        "position_error": {
          "max": 0.8899641433705281,
          "mean": 0.8899641433705281,
          "median": 0.8899641433705281,
          "rmse": 0.8899641433705281,
          "target_m": 0.5,
          "within_target": false
        }
      }
    },
    "match_radius_m": 0.5
  },
  "measurements_completed": 120,
  "mission_metrics": {
    "adaptive_dwell_chunk_s": 2.0,
    "adaptive_dwell_enabled": false,
    "adaptive_min_dwell_s": 2.0,
    "adaptive_ready_min_counts": 100.0,
    "adaptive_ready_min_isotopes": 1,
    "adaptive_ready_min_snr": 0.0,
    "dss_beam_width": 8,
    "dss_differential_weight": 1.0,
    "dss_environment_signature_weight": 2.0,
    "dss_horizon": 2,
    "dss_occlusion_boundary_weight": 1.5,
    "dss_program_length": 8,
    "dss_rotation_weight": 0.15,
    "dss_signature_weight": 1.0,
    "estimated_end_to_end_time_s": 3843.7310102715537,
    "estimated_motion_time_s": 183.73101027155352,
    "estimated_rotation_time_s": 60.0,
    "ig_compute_time_s": 109.88148936002108,
    "max_live_time_s": 30.0,
    "max_orientation_selection_time_s": 14.342330423998646,
    "max_pf_update_time_s": 50.53143241399084,
    "mean_live_time_s": 30.0,
    "mean_orientation_selection_time_s": 13.735186170002635,
    "mean_pf_update_time_s": 23.8327937829501,
    "measurement_live_times_s": [
      30.0,
      30.0,
      30.0,
      30.0,
      30.0,
      30.0,
      30.0,
      30.0,
      30.0,
      30.0,
      30.0,
      30.0,
      30.0,
      30.0,
      30.0,
      30.0,
      30.0,
      30.0,
      30.0,
      30.0,
      30.0,
      30.0,
      30.0,
      30.0,
      30.0,
      30.0,
      30.0,
      30.0,
      30.0,
      30.0,
      30.0,
      30.0,
      30.0,
      30.0,
      30.0,
      30.0,
      30.0,
      30.0,
      30.0,
      30.0,
      30.0,
      30.0,
      30.0,
      30.0,
      30.0,
      30.0,
      30.0,
      30.0,
      30.0,
      30.0,
      30.0,
      30.0,
      30.0,
      30.0,
      30.0,
      30.0,
      30.0,
      30.0,
      30.0,
      30.0,
      30.0,
      30.0,
      30.0,
      30.0,
      30.0,
      30.0,
      30.0,
      30.0,
      30.0,
      30.0,
      30.0,
      30.0,
      30.0,
      30.0,
      30.0,
      30.0,
      30.0,
      30.0,
      30.0,
      30.0,
      30.0,
      30.0,
      30.0,
      30.0,
      30.0,
      30.0,
      30.0,
      30.0,
      30.0,
      30.0,
      30.0,
      30.0,
      30.0,
      30.0,
      30.0,
      30.0,
      30.0,
      30.0,
      30.0,
      30.0,
      30.0,
      30.0,
      30.0,
      30.0,
      30.0,
      30.0,
      30.0,
      30.0,
      30.0,
      30.0,
      30.0,
      30.0,
      30.0,
      30.0,
      30.0,
      30.0,
      30.0,
      30.0,
      30.0,
      30.0
    ],
    "measurement_time_cap_s": 30.0,
    "min_live_time_s": 30.0,
    "nominal_motion_speed_m_s": 0.5,
    "num_motion_segments": 7,
    "path_planner": "dss_pp",
    "pf_compute_time_s": 5719.870507908025,
    "prune_time_s": 3636.5246990419837,
    "rotation_overhead_s_per_measurement": 0.5,
    "total_compute_time_s": 9515.125930069058,
    "total_live_time_s": 3600.0,
    "total_measurements": 120,
    "total_mission_time_s": 3843.7310102715537,
    "total_motion_distance_m": 91.86550513577676,
    "total_move_measure_time_s": 3843.7310102715537,
    "total_shield_actuation_time_s": 60.0,
    "total_travel_time_s": 183.73101027155352,