{
  "backend": "geant4",
  "environment_mode": "random",
  "estimated_sources": {
    "Cs-137": [
      {
        "pos": [
          2.535498594217753,
          4.4738053807672555,
          6.416344328896481
        ],
        "strength": 22150.07802197939
      },
      {
        "pos": [
          9.344672484586306,
          14.665618108466639,
          4.468380843376447
        ],
        "strength": 14435.507424303709
      },
      {
        "pos": [
          7.000299239480499,
          0.9978089991684894,
          2.999533247026966
        ],
        "strength": 811.7134423492447
      }
    ]
  },
  "final_absent_isotope_diagnostics": {
    "Co-60": {
      "count_supported": false,
      "kept": false,
      "max_counts": 0.0,
      "max_strength": 0.0,
      "observed_measurements": 0,
      "pf_supported": false,
      "reason": "no_final_pf_support",
      "source_count": 0,
      "support_measurements": 0,
      "total_counts": 0.0
    },
    "Cs-137": {
      "count_supported": true,
      "kept": true,
      "max_counts": 6511.8580068281635,
      "max_strength": 22150.07802197939,
      "observed_measurements": 104,
      "pf_supported": true,
      "reason": "kept",
      "source_count": 3,
      "support_measurements": 104,
      "total_counts": 293825.3108930875
    },
    "Eu-154": {
      "count_supported": false,
      "kept": false,
      "max_counts": 0.0,
      "max_strength": 0.0,
      "observed_measurements": 0,
      "pf_supported": false,
      "reason": "no_final_pf_support",
      "source_count": 0,
      "support_measurements": 0,
      "total_counts": 0.0
    }
  },
  "final_estimate_diagnostics": {
    "report_model_order": {
      "Cs-137": {
        "background_ll": -1092.4319980643995,
        "best_by_k": {
          "0": {
            "condition_number": 1.0,
            "criterion": -1092.4319980643995,
            "indices": [],
            "ll": -1092.4319980643995
          },
          "1": {
            "condition_number": 1.0,
            "criterion": -891.2650994826563,
            "indices": [
              1
            ],
            "ll": -881.9763176843735
          },
          "2": {
            "condition_number": 1.4289192274074662,
            "criterion": -869.7237007854474,
            "indices": [
              0,
              1
            ],
            "ll": -851.1461371888819
          },
          "3": {
            "condition_number": 2.004499205022185,
            "criterion": -874.8062112825985,
            "indices": [
              0,
              1,
              2
            ],
            "ll": -846.9398658877502
          }
        },
        "best_criterion": -869.7237007854474,
        "best_ll": -851.1461371888819,
        "candidate_count": 3,
        "condition_number": 1.4289192274074662,
        "criterion_margin_to_simpler": 21.541398697208933,
        "evaluated_subsets": 8,
        "evaluation_mode": "serial",
        "method": "exhaustive_bic",
        "model_order_overridden": true,
        "model_order_ready": false,
        "model_selected_count": 2,
        "model_selected_indices": [
          0,
          1
        ],
        "preserve_cardinality": true,
        "reported_count_after_preserve": 3,
        "selected_count": 3,
        "selected_indices": [
          0,
          1,
          2
        ],
        "workers": 1
      }
    },
    "stages": {
      "final_estimates": {
        "Cs-137": [
          {
            "pos": [
              2.535498594217753,
              4.4738053807672555,
              6.416344328896481
            ],
            "strength": 22150.07802197939
          },
          {
            "pos": [
              9.344672484586306,
              14.665618108466639,
              4.468380843376447
            ],
            "strength": 14435.507424303709
          },
          {
            "pos": [
              7.000299239480499,
              0.9978089991684894,
              2.999533247026966
            ],
            "strength": 811.7134423492447
          }
        ]
      },
      "final_estimates_before_absent_filter": {
        "Co-60": [],
        "Cs-137": [
          {
            "pos": [
              2.535498594217753,
              4.4738053807672555,
              6.416344328896481
            ],
            "strength": 22150.07802197939
          },
          {
            "pos": [
              9.344672484586306,
              14.665618108466639,
              4.468380843376447
            ],
            "strength": 14435.507424303709
          },
          {
            "pos": [
              7.000299239480499,
              0.9978089991684894,
              2.999533247026966
            ],
            "strength": 811.7134423492447
          }
        ],
        "Eu-154": []
      },
      "legacy_pruned_estimates": {
        "Cs-137": [
          {
            "pos": [
              9.344672484586306,
              14.665618108466639,
              4.468380843376447
            ],
            "strength": 14435.507424303709
          },
          {
            "pos": [
              2.535498594217753,
              4.4738053807672555,
              6.416344328896481
            ],
            "strength": 22150.07802197939
          },
          {
            "pos": [
              7.000299239480499,
              0.9978089991684894,
              2.999533247026966
            ],
            "strength": 811.7134423492447
          }
        ]
      },
      "llr_pruned_estimates": {
        "Cs-137": [
          {
            "pos": [
              9.344672484586306,
              14.665618108466639,
              4.468380843376447
            ],
            "strength": 14435.507424303709
          },
          {
            "pos": [
              2.535498594217753,
              4.4738053807672555,
              6.416344328896481
            ],
            "strength": 22150.07802197939
          },
          {
            "pos": [
              7.000299239480499,
              0.9978089991684894,
              2.999533247026966
            ],
            "strength": 811.7134423492447
          }
        ]
      },
      "raw_estimates": {
        "Co-60": [],
        "Cs-137": [
          {
            "pos": [
              9.344672484586306,
              14.665618108466639,
              4.468380843376447
            ],
            "strength": 14435.507424303709
          },
          {
            "pos": [
              2.535498594217753,
              4.4738053807672555,
              6.416344328896481
            ],
            "strength": 22150.07802197939
          },
          {
            "pos": [
              7.000299239480499,
              0.9978089991684894,
              2.999533247026966
            ],
            "strength": 811.7134423492447
          }
        ],
        "Eu-154": []
      }
    }
  },
  "ground_truth_sources": {
    "Cs-137": [
      {
        "pos": [
          7.545632,
          3.399105,
          10.0
        ],
        "strength": 30000.0
      },
      {
        "pos": [
          2.604237,
          20.0,
          7.393796
        ],
        "strength": 30000.0
      },
      {
        "pos": [
          5.466058,
          16.390439,
          10.0
        ],
        "strength": 30000.0
      }
    ]
  },
  "last_counts": {
    "Co-60": 1.70127020618653e-13,
    "Cs-137": 624.9766389986419,
    "Eu-154": 2.749398754676984
  },
  "match_metrics": {
    "isotopes": {
      "Cs-137": {
        "counts": {
          "assigned": 3,
          "est": 3,
          "fn": 0,
          "fp": 0,
          "gt": 3,
          "matched": 3
        },
        "intensity_abs_error": {
          "max": 29188.286557650754,
          "mean": 17534.233703789218,
          "median": 15564.492575696291
        },
        "intensity_rel_error_pct": {
          "max": 97.29428852550251,
          "mean": 58.447445679297395,
          "median": 51.88164191898764
        },