{
  "backend": "geant4",
  "environment_mode": "fixed",
  "estimated_sources": {
    "Co-60": [
      {
        "pos": [
          9.5,
          13.956947099828305,
          9.043052900171693
        ],
        "strength": 102102.15902364293
      }
    ],
    "Cs-137": [
      {
        "pos": [
          3.5,
          3.5,
          3.1285012737044187
        ],
        "strength": 46004.46885770868
      },
      {
        "pos": [
          1.5,
          4.5,
          2.5
        ],
        "strength": 22685.650911071047
      }
    ],
    "Eu-154": [
      {
        "pos": [
          4.5,
          9.5,
          7.5
        ],
        "strength": 13229.668571668131
      }
    ]
  },
  "ground_truth_sources": {
    "Co-60": [
      {
        "pos": [
          8.0,
          14.5,
          6.2
        ],
        "strength": 30000.0
      }
    ],
    "Cs-137": [
      {
        "pos": [
          2.0,
          4.0,
          1.1
        ],
        "strength": 30000.0
      }
    ],
    "Eu-154": [
      {
        "pos": [
          6.0,
          7.5,
          8.0
        ],
        "strength": 30000.0
      }
    ]
  },
  "last_counts": {
    "Co-60": 309.8239751689883,
    "Cs-137": 1775.7198835923812,
    "Eu-154": 876.5523112544307
  },
  "match_metrics": {
    "isotopes": {
      "Co-60": {
        "counts": {
          "assigned": 1,
          "est": 1,
          "fn": 0,
          "fp": 0,
          "gt": 1,
          "matched": 1
        },
        "intensity_abs_error": {
          "max": 72102.15902364293,
          "mean": 72102.15902364293,
          "median": 72102.15902364293
        },
        "intensity_rel_error_pct": {
          "max": 240.34053007880976,
          "mean": 240.34053007880976,
          "median": 240.34053007880976
        },
        "matches": [
          {
            "abs_err": 72102.15902364293,
            "distance": 3.2600393012292908,
            "est_index": 0,
            "gt_index": 0,
            "q_hat": 102102.15902364293,
            "q_true": 30000.0,
            "rel_err_pct": 240.34053007880976,
            "within_radius": false
          }
        ],
        "position_error": {
          "max": 3.2600393012292908,
          "mean": 3.2600393012292908,
          "median": 3.2600393012292908,
          "rmse": 3.2600393012292908,
          "target_m": 0.5,
          "within_target": false
        }
      },
      "Cs-137": {
        "counts": {
          "assigned": 1,
          "est": 2,
          "fn": 0,
          "fp": 1,
          "gt": 1,
          "matched": 1
        },
        "intensity_abs_error": {
          "max": 7314.349088928953,
          "mean": 7314.349088928953,
          "median": 7314.349088928953
        },
        "intensity_rel_error_pct": {
          "max": 24.38116362976318,
          "mean": 24.38116362976318,
          "median": 24.38116362976318
        },
        "matches": [
          {
            "abs_err": 7314.349088928953,
            "distance": 1.5684387141358123,
            "est_index": 1,
            "gt_index": 0,
            "q_hat": 22685.650911071047,
            "q_true": 30000.0,
            "rel_err_pct": 24.38116362976318,
            "within_radius": false
          }
        ],
        "position_error": {
          "max": 1.5684387141358123,
          "mean": 1.5684387141358123,
          "median": 1.5684387141358123,
          "rmse": 1.5684387141358123,
          "target_m": 0.5,
          "within_target": false
        }
      },
      "Eu-154": {
        "counts": {
          "assigned": 1,
          "est": 1,
          "fn": 0,
          "fp": 0,
          "gt": 1,
          "matched": 1
        },
        "intensity_abs_error": {
          "max": 16770.33142833187,
          "mean": 16770.33142833187,
          "median": 16770.33142833187
        },
        "intensity_rel_error_pct": {
          "max": 55.901104761106225,
          "mean": 55.901104761106225,
          "median": 55.901104761106225
        },
        "matches": [
          {
            "abs_err": 16770.33142833187,
            "distance": 2.5495097567963922,
            "est_index": 0,
            "gt_index": 0,
            "q_hat": 13229.668571668131,
            "q_true": 30000.0,
            "rel_err_pct": 55.901104761106225,
            "within_radius": false
          }
        ],
        "position_error": {
          "max": 2.5495097567963922,
          "mean": 2.5495097567963922,
          "median": 2.5495097567963922,
          "rmse": 2.5495097567963922,
          "target_m": 0.5,
          "within_target": false
        }
      }
    },
    "match_radius_m": 1.0
  },
  "measurements_completed": 88,
  "mission_metrics": {
    "adaptive_dwell_chunk_s": 2.0,
    "adaptive_dwell_enabled": true,
    "adaptive_min_dwell_s": 2.0,
    "adaptive_ready_min_counts": 120.0,
    "adaptive_ready_min_isotopes": 1,
    "adaptive_ready_min_snr": 0.0,
    "dss_beam_width": 8,
    "dss_differential_weight": 1.0,
    "dss_horizon": 2,
    "dss_program_length": 8,
    "dss_rotation_weight": 0.15,
    "dss_signature_weight": 1.0,
    "estimated_end_to_end_time_s": 347.6271941909716,
    "estimated_motion_time_s": 127.62719419097158,
    "estimated_rotation_time_s": 44.0,
    "ig_compute_time_s": 40.64692217845004,
    "max_live_time_s": 2.0,
    "max_orientation_selection_time_s": 1.4100353539688513,
    "max_pf_update_time_s": 75.17726501431025,
    "mean_live_time_s": 2.0,
    "mean_orientation_selection_time_s": 0.4618968429369323,
    "mean_pf_update_time_s": 16.843222702827585,
    "measurement_live_times_s": [
      2.0,
      2.0,
      2.0,
      2.0,
      2.0,
      2.0,
      2.0,
      2.0,
      2.0,
      2.0,
      2.0,
      2.0,
      2.0,
      2.0,
      2.0,
      2.0,
      2.0,
      2.0,
      2.0,
      2.0,
      2.0,
      2.0,
      2.0,
      2.0,
      2.0,
      2.0,
      2.0,
      2.0,
      2.0,
      2.0,
      2.0,
      2.0,
      2.0,
      2.0,
      2.0,
      2.0,
      2.0,
      2.0,
      2.0,
      2.0,
      2.0,
      2.0,
      2.0,
      2.0,
      2.0,
      2.0,
      2.0,
      2.0,
      2.0,
      2.0,
      2.0,
      2.0,
      2.0,
      2.0,
      2.0,
      2.0,
      2.0,
      2.0,
      2.0,
      2.0,
      2.0,
      2.0,
      2.0,
      2.0,
      2.0,
      2.0,
      2.0,
      2.0,
      2.0,
      2.0,
      2.0,
      2.0,
      2.0,
      2.0,
      2.0,
      2.0,
      2.0,
      2.0,
      2.0,
      2.0,
      2.0,
      2.0,
      2.0,
      2.0,
      2.0,
      2.0,
      2.0,
      2.0
    ],
    "measurement_time_cap_s": 30.0,
    "min_live_time_s": 2.0,
    "nominal_motion_speed_m_s": 0.5,
    "num_motion_segments": 7,
    "path_planner": "dss_pp",
    "pf_compute_time_s": 2964.407195697655,
    "prune_time_s": 490.57391338062007,
    "rotation_overhead_s_per_measurement": 0.5,
    "total_compute_time_s": 4049.0529462001286,
    "total_live_time_s": 176.0,
    "total_measurements": 88,
    "total_mission_time_s": 347.6271941909716,
    "total_motion_distance_m": 63.81359709548579,
    "total_move_measure_time_s": 347.6271941909716,
    "total_shield_actuation_time_s": 44.0,
    "total_travel_time_s": 127.62719419097158,
    "viz_time_s": 553.4249149434036,
    "wall_clock_runtime_s": 4808.291054958943
  },
  "output_paths": {
    "cui_pf_3d_latest": "/home/moeu/research/Rotating-shield-particle-filter/results/cui_view/latest/latest_pf_3d.png",
    "cui_robot_2d_latest": "/home/moeu/research/Rotating-shield-particle-filter/results/cui_view/latest/latest_robot_2d.png",
    "cui_split_view": "/home/moeu/research/Rotating-shield-particle-filter/results/cui_view/latest/index.html",
    "estimates_plot": "/home/moeu/research/Rotating-shield-particle-filter/results/result_estimates_ral_case01_fixedrough_trial.png",
    "last_spectrum_plot": "/home/moeu/research/Rotating-shield-particle-filter/results/result_spectrum_last_ral_case01_fixedrough_trial.png",