{
  "backend": "geant4",
  "environment_mode": "random",
  "estimated_sources": {
    "Co-60": [
      {
        "pos": [
          9.487192570277564,
          2.1299150368060196,
          8.833430632387767
        ],
        "strength": 9771.29813542819
      },
      {
        "pos": [
          8.72491833627624,
          7.02973689915498,
          6.686468713687881
        ],
        "strength": 8060.988152580227
      }
    ],
    "Cs-137": [
      {
        "pos": [
          0.6524075833993768,
          15.478682175142366,
          8.532123472718768
        ],
        "strength": 20283.702987370638
      }
    ],
    "Eu-154": [
      {
        "pos": [
          9.836824346987616,
          17.21356586748295,
          5.240443794804287
        ],
        "strength": 27314.351998520073
      }
    ]
  },
  "ground_truth_sources": {
    "Co-60": [
      {
        "pos": [
          9.687162690379873,
          6.009901058567364,
          10.0
        ],
        "strength": 30000.0
      }
    ],
    "Cs-137": [
      {
        "pos": [
          0.14038322508806989,
          15.601312104546532,
          10.0
        ],
        "strength": 30000.0
      }
    ],
    "Eu-154": [
      {
        "pos": [
          10.0,
          17.134836563552877,
          5.285409855318239
        ],
        "strength": 30000.0
      }
    ]
  },
  "last_counts": {
    "Co-60": 3299.0507329050133,
    "Cs-137": 2523.4855615205215,
    "Eu-154": 27259.73974010172
  },
  "match_metrics": {
    "isotopes": {
      "Co-60": {
        "counts": {
          "assigned": 1,
          "est": 2,
          "fn": 0,
          "fp": 1,
          "gt": 1,
          "matched": 1
        },
        "intensity_abs_error": {
          "max": 21939.011847419773,
          "mean": 21939.011847419773,
          "median": 21939.011847419773
        },
        "intensity_rel_error_pct": {
          "max": 73.13003949139924,
          "mean": 73.13003949139924,
          "median": 73.13003949139924
        },
        "matches": [
          {
            "abs_err": 21939.011847419773,
            "distance": 3.5979812289839166,
            "est_index": 1,
            "gt_index": 0,
            "q_hat": 8060.988152580227,
            "q_true": 30000.0,
            "rel_err_pct": 73.13003949139924,
            "within_radius": false
          }
        ],
        "position_error": {
          "max": 3.5979812289839166,
          "mean": 3.5979812289839166,
          "median": 3.5979812289839166,
          "rmse": 3.5979812289839166,
          "target_m": 0.5,
          "within_target": false
        }
      },
      "Cs-137": {
        "counts": {
          "assigned": 1,
          "est": 1,
          "fn": 0,
          "fp": 0,
          "gt": 1,
          "matched": 1
        },
        "intensity_abs_error": {
          "max": 9716.297012629362,
          "mean": 9716.297012629362,
          "median": 9716.297012629362
        },
        "intensity_rel_error_pct": {
          "max": 32.38765670876454,
          "mean": 32.38765670876454,
          "median": 32.38765670876454
        },
        "matches": [
          {
            "abs_err": 9716.297012629362,
            "distance": 1.559444946906747,
            "est_index": 0,
            "gt_index": 0,
            "q_hat": 20283.702987370638,
            "q_true": 30000.0,
            "rel_err_pct": 32.38765670876454,
            "within_radius": false
          }
        ],
        "position_error": {
          "max": 1.559444946906747,
          "mean": 1.559444946906747,
          "median": 1.559444946906747,
          "rmse": 1.559444946906747,
          "target_m": 0.5,
          "within_target": false
        }
      },
      "Eu-154": {
        "counts": {
          "assigned": 1,
          "est": 1,
          "fn": 0,
          "fp": 0,
          "gt": 1,
          "matched": 1
        },
        "intensity_abs_error": {
          "max": 2685.648001479927,
          "mean": 2685.648001479927,
          "median": 2685.648001479927
        },
        "intensity_rel_error_pct": {
          "max": 8.952160004933091,
          "mean": 8.952160004933091,
          "median": 8.952160004933091
        },
        "matches": [
          {
            "abs_err": 2685.648001479927,
            "distance": 0.18667228940438912,
            "est_index": 0,
            "gt_index": 0,
            "q_hat": 27314.351998520073,
            "q_true": 30000.0,
            "rel_err_pct": 8.952160004933091,
            "within_radius": true
          }
        ],
        "position_error": {
          "max": 0.18667228940438912,
          "mean": 0.18667228940438912,
          "median": 0.18667228940438912,
          "rmse": 0.18667228940438912,
          "target_m": 0.5,
          "within_target": true
        }
      }
    },
    "match_radius_m": 0.5
  },
  "measurements_completed": 224,
  "mission_metrics": {
    "adaptive_dwell_chunk_s": 2.0,
    "adaptive_dwell_enabled": false,
    "adaptive_min_dwell_s": 2.0,
    "adaptive_ready_min_counts": 100.0,
    "adaptive_ready_min_isotopes": 1,
    "adaptive_ready_min_snr": 0.0,
    "dss_beam_width": 8,
    "dss_differential_weight": 1.0,
    "dss_environment_signature_weight": 2.0,
    "dss_horizon": 2,
    "dss_occlusion_boundary_weight": 1.5,
    "dss_program_length": 8,
    "dss_rotation_weight": 0.15,
    "dss_signature_weight": 1.0,
    "estimated_end_to_end_time_s": 7162.2627910790625,
    "estimated_motion_time_s": 330.26279107906277,
    "estimated_rotation_time_s": 112.0,
    "ig_compute_time_s": 122.87832749300287,
    "max_live_time_s": 30.0,
    "max_orientation_selection_time_s": 13.769859414009261,
    "max_pf_update_time_s": 38.40537107900309,
    "mean_live_time_s": 30.0,
    "mean_orientation_selection_time_s": 8.777023392357348,
    "mean_pf_update_time_s": 20.000733017386047,