{
  "backend": "geant4",
  "environment_mode": "fixed",
  "estimated_sources": {
    "Co-60": [
      {
        "pos": [
          9.38924571980907,
          14.257339274150073,
          6.399428372653002
        ],
        "strength": 31765.441817633622
      }
    ],
    "Cs-137": [
      {
        "pos": [
          1.6979669078061883,
          4.039436516995174,
          1.32626079493299
        ],
        "strength": 27960.850482063615
      }
    ],
    "Eu-154": [
      {
        "pos": [
          5.500524992686647,
          6.723268213888323,
          9.71693463626125
        ],
        "strength": 31279.998321141953
      },
      {
        "pos": [
          6.569661916597184,
          6.624502873883411,
          8.314978652301884
        ],
        "strength": 14922.34506424116
      },
      {
        "pos": [
          4.946620251082725,
          8.18306544956887,
          7.387496772175014
        ],
        "strength": 14529.01255855511
      }
    ]
  },
  "ground_truth_sources": {
    "Co-60": [
      {
        "pos": [
          8.0,
          14.5,
          6.2
        ],
        "strength": 30000.0
      }
    ],
    "Cs-137": [
      {
        "pos": [
          2.0,
          4.0,
          1.1
        ],
        "strength": 30000.0
      }
    ],
    "Eu-154": [
      {
        "pos": [
          6.0,
          7.5,
          8.0
        ],
        "strength": 30000.0
      }
    ]
  },
  "last_counts": {
    "Co-60": 86.83577599859056,
    "Cs-137": 808.1643856336034,
    "Eu-154": 374.17664906499726
  },
  "match_metrics": {
    "isotopes": {
      "Co-60": {
        "counts": {
          "assigned": 1,
          "est": 1,
          "fn": 0,
          "fp": 0,
          "gt": 1,
          "matched": 1
        },
        "intensity_abs_error": {
          "max": 1765.4418176336221,
          "mean": 1765.4418176336221,
          "median": 1765.4418176336221
        },
        "intensity_rel_error_pct": {
          "max": 5.88480605877874,
          "mean": 5.88480605877874,
          "median": 5.88480605877874
        },
        "matches": [
          {
            "abs_err": 1765.4418176336221,
            "distance": 1.4243102097846727,
            "est_index": 0,
            "gt_index": 0,
            "q_hat": 31765.441817633622,
            "q_true": 30000.0,
            "rel_err_pct": 5.88480605877874,
            "within_radius": false
          }
        ],
        "position_error": {
          "max": 1.4243102097846727,
          "mean": 1.4243102097846727,
          "median": 1.4243102097846727,
          "rmse": 1.4243102097846727,
          "target_m": 0.5,
          "within_target": false
        }
      },
      "Cs-137": {
        "counts": {
          "assigned": 1,
          "est": 1,
          "fn": 0,
          "fp": 0,
          "gt": 1,
          "matched": 1
        },
        "intensity_abs_error": {
          "max": 2039.1495179363847,
          "mean": 2039.1495179363847,
          "median": 2039.1495179363847
        },
        "intensity_rel_error_pct": {
          "max": 6.797165059787949,
          "mean": 6.797165059787949,
          "median": 6.797165059787949
        },
        "matches": [
          {
            "abs_err": 2039.1495179363847,
            "distance": 0.37943797250219274,
            "est_index": 0,
            "gt_index": 0,
            "q_hat": 27960.850482063615,
            "q_true": 30000.0,
            "rel_err_pct": 6.797165059787949,
            "within_radius": true
          }
        ],
        "position_error": {
          "max": 0.37943797250219274,
          "mean": 0.37943797250219274,
          "median": 0.37943797250219274,
          "rmse": 0.37943797250219274,
          "target_m": 0.5,
          "within_target": true
        }
      },
      "Eu-154": {
        "counts": {
          "assigned": 1,
          "est": 3,
          "fn": 0,
          "fp": 2,
          "gt": 1,
          "matched": 1
        },
        "intensity_abs_error": {
          "max": 1279.998321141953,
          "mean": 1279.998321141953,
          "median": 1279.998321141953
        },
        "intensity_rel_error_pct": {
          "max": 4.266661070473177,
          "mean": 4.266661070473177,
          "median": 4.266661070473177
        },
        "matches": [
          {
            "abs_err": 1279.998321141953,
            "distance": 1.9495261207997345,
            "est_index": 0,
            "gt_index": 0,
            "q_hat": 31279.998321141953,
            "q_true": 30000.0,
            "rel_err_pct": 4.266661070473177,
            "within_radius": false
          }
        ],
        "position_error": {
          "max": 1.9495261207997345,
          "mean": 1.9495261207997345,
          "median": 1.9495261207997345,
          "rmse": 1.9495261207997345,
          "target_m": 0.5,
          "within_target": false
        }
      }
    },
    "match_radius_m": 1.0
  },
  "measurements_completed": 120,
  "mission_metrics": {
    "adaptive_dwell_chunk_s": 2.0,
    "adaptive_dwell_enabled": true,
    "adaptive_min_dwell_s": 2.0,
    "adaptive_ready_min_counts": 120.0,
    "adaptive_ready_min_isotopes": 1,
    "adaptive_ready_min_snr": 0.0,
    "dss_beam_width": 8,
    "dss_differential_weight": 1.0,
    "dss_horizon": 2,
    "dss_program_length": 8,
    "dss_rotation_weight": 0.15,
    "dss_signature_weight": 1.0,
    "estimated_end_to_end_time_s": 398.75980188728573,
    "estimated_motion_time_s": 96.75980188728573,
    "estimated_rotation_time_s": 60.0,
    "ig_compute_time_s": 63.084495078539476,
    "max_live_time_s": 4.0,
    "max_orientation_selection_time_s": 1.3935883010271937,
    "max_pf_update_time_s": 103.71460586643661,
    "mean_live_time_s": 2.0166666666666666,
    "mean_orientation_selection_time_s": 0.5257041256544956,
    "mean_pf_update_time_s": 30.856557403240974,
    "measurement_live_times_s": [
      2.0,
      2.0,
      2.0,
      2.0,
      2.0,
      4.0,
      2.0,
      2.0,
      2.0,
      2.0,
      2.0,
      2.0,
      2.0,
      2.0,
      2.0,
      2.0,
      2.0,
      2.0,
      2.0,
      2.0,
      2.0,
      2.0,
      2.0,
      2.0,
      2.0,
      2.0,
      2.0,
      2.0,
      2.0,
      2.0,
      2.0,
      2.0,
      2.0,
      2.0,
      2.0,
      2.0,
      2.0,
      2.0,
      2.0,
      2.0,
      2.0,
      2.0,
      2.0,
      2.0,
      2.0,
      2.0,
      2.0,
      2.0,
      2.0,
      2.0,
      2.0,
      2.0,
      2.0,
      2.0,
      2.0,
      2.0,
      2.0,
      2.0,
      2.0,
      2.0,
      2.0,
      2.0,
      2.0,
      2.0,
      2.0,
      2.0,
      2.0,
      2.0,
      2.0,
      2.0,
      2.0,
      2.0,
      2.0,
      2.0,
      2.0,
      2.0,
      2.0,
      2.0,
      2.0,
      2.0,
      2.0,
      2.0,
      2.0,
      2.0,
      2.0,
      2.0,
      2.0,
      2.0,
      2.0,
      2.0,
      2.0,
      2.0,
      2.0,
      2.0,
      2.0,
      2.0,
      2.0,
      2.0,
      2.0,
      2.0,
      2.0,
      2.0,
      2.0,
      2.0,
      2.0,
      2.0,
      2.0,
      2.0,
      2.0,
      2.0,
      2.0,
      2.0,
      2.0,
      2.0,
      2.0,
      2.0,
      2.0,
      2.0,
      2.0,
      2.0
    ],
    "measurement_time_cap_s": 30.0,
    "min_live_time_s": 2.0,
    "nominal_motion_speed_m_s": 0.5,
    "num_motion_segments": 7,
    "path_planner": "dss_pp",
    "pf_compute_time_s": 7405.573776777834,
    "prune_time_s": 1954.4375610741554,
    "rotation_overhead_s_per_measurement": 0.5,
    "total_compute_time_s": 11458.176491178805,
    "total_live_time_s": 242.0,
    "total_measurements": 120,
    "total_mission_time_s": 398.75980188728573,
    "total_motion_distance_m": 48.379900943642866,
    "total_move_measure_time_s": 398.75980188728573,
    "total_shield_actuation_time_s": 60.0,
    "total_travel_time_s": 96.75980188728573,
    "viz_time_s": 2035.0806582482764,
    "wall_clock_runtime_s": 12926.411213567015
  },