{
  "backend": "geant4",
  "environment_mode": "fixed",
  "estimated_sources": {
    "Co-60": [
      {
        "pos": [
          1.492792889319545,
          15.32088480841877,
          9.502037134410253
        ],
        "strength": 5518.927836370696
      }
    ],
    "Cs-137": [],
    "Eu-154": [
      {
        "pos": [
          5.451016613103681,
          3.3148720426012326,
          5.477792824886903
        ],
        "strength": 20206.801862782046
      }
    ]
  },
  "ground_truth_sources": {
    "Co-60": [
      {
        "pos": [
          2.0,
          15.0,
          7.0
        ],
        "strength": 20000.0
      }
    ],
    "Cs-137": [
      {
        "pos": [
          5.0,
          10.0,
          5.0
        ],
        "strength": 50000.0
      }
    ],
    "Eu-154": [
      {
        "pos": [
          7.0,
          5.0,
          3.0
        ],
        "strength": 30000.0
      }
    ]
  },
  "last_counts": {
    "Co-60": 15.857289614097832,
    "Cs-137": 1.1574926997784396e-11,
    "Eu-154": 9965.637668099911
  },
  "match_metrics": {
    "isotopes": {
      "Co-60": {
        "counts": {
          "assigned": 1,
          "est": 1,
          "fn": 0,
          "fp": 0,
          "gt": 1,
          "matched": 1
        },
        "intensity_abs_error": {
          "max": 14481.072163629304,
          "mean": 14481.072163629304,
          "median": 14481.072163629304
        },
        "intensity_rel_error_pct": {
          "max": 72.40536081814652,
          "mean": 72.40536081814652,
          "median": 72.40536081814652
        },
        "matches": [
          {
            "abs_err": 14481.072163629304,
            "distance": 2.5730168937196347,
            "est_index": 0,
            "gt_index": 0,
            "q_hat": 5518.927836370696,
            "q_true": 20000.0,
            "rel_err_pct": 72.40536081814652,
            "within_radius": false
          }
        ],
        "position_error": {
          "max": 2.5730168937196347,
          "mean": 2.5730168937196347,
          "median": 2.5730168937196347,
          "rmse": 2.5730168937196347,
          "target_m": 0.5,
          "within_target": false
        }
      },
      "Cs-137": {
        "counts": {
          "assigned": 0,
          "est": 0,
          "fn": 1,
          "fp": 0,
          "gt": 1,
          "matched": 0
        },
        "intensity_abs_error": {
          "max": null,
          "mean": null,
          "median": null
        },
        "intensity_rel_error_pct": {
          "max": null,
          "mean": null,
          "median": null
        },
        "matches": [],
        "position_error": {
          "max": null,
          "mean": null,
          "median": null,
          "rmse": null,
          "target_m": 0.5,
          "within_target": null
        }
      },
      "Eu-154": {
        "counts": {
          "assigned": 1,
          "est": 1,
          "fn": 0,
          "fp": 0,
          "gt": 1,
          "matched": 1
        },
        "intensity_abs_error": {
          "max": 9793.198137217954,
          "mean": 9793.198137217954,
          "median": 9793.198137217954
        },
        "intensity_rel_error_pct": {
          "max": 32.64399379072652,
          "mean": 32.64399379072652,
          "median": 32.64399379072652
        },
        "matches": [
          {
            "abs_err": 9793.198137217954,
            "distance": 3.3731977482425712,
            "est_index": 0,
            "gt_index": 0,
            "q_hat": 20206.801862782046,
            "q_true": 30000.0,
            "rel_err_pct": 32.64399379072652,
            "within_radius": false
          }
        ],
        "position_error": {
          "max": 3.3731977482425712,
          "mean": 3.3731977482425712,
          "median": 3.3731977482425712,
          "rmse": 3.3731977482425712,
          "target_m": 0.5,
          "within_target": false
        }
      }
    },
    "match_radius_m": 0.5
  },
  "measurements_completed": 8,
  "mission_metrics": {
    "adaptive_dwell_chunk_s": 2.0,
    "adaptive_dwell_enabled": false,
    "adaptive_min_dwell_s": 2.0,
    "adaptive_ready_min_counts": 100.0,
    "adaptive_ready_min_isotopes": 1,
    "adaptive_ready_min_snr": 0.0,
    "display_prune_time_s": 0.6712375220376998,
    "dss_beam_width": 8,
    "dss_differential_weight": 1.0,
    "dss_environment_signature_weight": 0.75,
    "dss_horizon": 2,
    "dss_occlusion_boundary_weight": 1.5,
    "dss_program_length": 8,
    "dss_rotation_weight": 0.15,
    "dss_signature_weight": 1.0,
    "estimated_end_to_end_time_s": 244.0,
    "estimated_motion_time_s": 0.0,
    "estimated_rotation_time_s": 4.0,
    "ig_compute_time_s": 1.8842584369704127,
    "max_live_time_s": 30.0,
    "max_orientation_selection_time_s": 0.8938312520040199,
    "max_pf_update_time_s": 4.819590323022567,
    "mean_live_time_s": 30.0,
    "mean_orientation_selection_time_s": 0.2355323046213016,
    "mean_pf_update_time_s": 1.9408122105669463,
    "measurement_live_times_s": [
      30.0,
      30.0,
      30.0,
      30.0,
      30.0,
      30.0,
      30.0,
      30.0
    ],
    "measurement_time_cap_s": 30.0,
    "min_live_time_s": 30.0,
    "nominal_motion_speed_m_s": 0.5,
    "num_motion_segments": 0,
    "path_planner": "dss_pp",
    "pf_compute_time_s": 31.05299536907114,
    "prune_time_s": 0.6712375220376998,
    "rotation_overhead_s_per_measurement": 0.5,
    "total_compute_time_s": 34.68826862704009,
    "total_live_time_s": 240.0,
    "total_measurements": 8,
    "total_mission_time_s": 244.0,
    "total_motion_distance_m": 0.0,
    "total_move_measure_time_s": 244.0,
    "total_shield_actuation_time_s": 4.0,
    "total_travel_time_s": 0.0,
    "viz_time_s": 1.0797772989608347,
    "wall_clock_runtime_s": 54.48603546904633
  },
  "output_paths": {
    "cui_pf_3d_latest": "/home/moeu/research/Rotating-shield-particle-filter/results/cui_view/latest/latest_pf_3d.png",
    "cui_robot_2d_latest": "/home/moeu/research/Rotating-shield-particle-filter/results/cui_view/latest/latest_robot_2d.png",
    "cui_split_view": "/home/moeu/research/Rotating-shield-particle-filter/results/cui_view/latest/index.html",
    "estimates_plot": "/home/moeu/research/Rotating-shield-particle-filter/results/result_estimates_pf_profile_station1_batched_ig_shield.png",
    "last_spectrum_plot": "/home/moeu/research/Rotating-shield-particle-filter/results/result_spectrum_last_pf_profile_station1_batched_ig_shield.png",
    "pf_plot": "/home/moeu/research/Rotating-shield-particle-filter/results/result_pf_pf_profile_station1_batched_ig_shield.png",
    "spectrum_plot": "/home/moeu/research/Rotating-shield-particle-filter/results/result_spectrum_pf_profile_station1_batched_ig_shield.png",
    "summary_json": "/home/moeu/research/Rotating-shield-particle-filter/results/result_summary_pf_profile_station1_batched_ig_shield.json"
  },
  "sim_config_path": "/home/moeu/research/Rotating-shield-particle-filter/configs/geant4/variance_reduction_external_no_isaac_32threads.json"
}